"TimeUTC","timestampInMs","requestPath","requestMethod","requestQueryString","responseStatusCode","requestId","requestUserAgent","level","environment","branch","vercelCache","type","function","host","deploymentDomain","deploymentId","durationMs","region","maxMemoryUsed","memorySize","message","projectId","traceId","sessionId","invocationId","instanceId","concurrency"
"2025-11-26 04:02:41",1764129761299,"invoice-automation-two.vercel.app/invoices","GET","",-1,"4dnxj-1764129761207-47700ca90f07","Mozilla/5.0 (Windows NT 10.0; Win64; x64) AppleWebKit/537.36 (KHTML, like Gecko) Chrome/111.0.0.0 Safari/537.36","info","production","master","","lambda","/app.py","invoice-automation-two.vercel.app","invoice-automation-two.vercel.app","dpl_DnA9yW5AeZSi65LGnGoRmtjo6Af3",-1,"iad1",-1,-1,"127.0.0.1 - - [26/Nov/2025 04:02:41] ""GET /invoices HTTP/1.1"" 500 -","prj_6WEqp459cGSZsQkBcLxcy0EVnF2f","","","01KAZ57SY4KX93QNVCCB8SB17S","",-1
"2025-11-26 04:02:41",1764129761298,"invoice-automation-two.vercel.app/invoices","GET","",-1,"4dnxj-1764129761207-47700ca90f07","Mozilla/5.0 (Windows NT 10.0; Win64; x64) AppleWebKit/537.36 (KHTML, like Gecko) Chrome/111.0.0.0 Safari/537.36","error","production","master","","lambda","/app.py","invoice-automation-two.vercel.app","invoice-automation-two.vercel.app","dpl_DnA9yW5AeZSi65LGnGoRmtjo6Af3",-1,"iad1",-1,-1,"Exception on /invoices [GET]
Traceback (most recent call last):
  File ""/var/task/_vendor/flask/app.py"", line 1511, in wsgi_app
    response = self.full_dispatch_request()
               ^^^^^^^^^^^^^^^^^^^^^^^^^^^^
  File ""/var/task/_vendor/flask/app.py"", line 919, in full_dispatch_request
    rv = self.handle_user_exception(e)
         ^^^^^^^^^^^^^^^^^^^^^^^^^^^^^
  File ""/var/task/_vendor/flask/app.py"", line 917, in full_dispatch_request
    rv = self.dispatch_request()
         ^^^^^^^^^^^^^^^^^^^^^^^
  File ""/var/task/_vendor/flask/app.py"", line 902, in dispatch_request
    return self.ensure_sync(self.view_functions[rule.endpoint])(**view_args)  # type: ignore[no-any-return]
           ^^^^^^^^^^^^^^^^^^^^^^^^^^^^^^^^^^^^^^^^^^^^^^^^^^^^^^^^^^^^^^^^^
  File ""/var/task/app.py"", line 367, in list_invoices
    return render_template(""invoices.html"", invoices=invoices, customers=customers_map)
           ^^^^^^^^^^^^^^^^^^^^^^^^^^^^^^^^^^^^^^^^^^^^^^^^^^^^^^^^^^^^^^^^^^^^^^^^^^^^
  File ""/var/task/_vendor/flask/templating.py"", line 149, in render_template
    template = app.jinja_env.get_or_select_template(template_name_or_list)
               ^^^^^^^^^^^^^^^^^^^^^^^^^^^^^^^^^^^^^^^^^^^^^^^^^^^^^^^^^^^
  File ""/var/task/_vendor/jinja2/environment.py"", line 1087, in get_or_select_template
    return self.get_template(template_name_or_list, parent, globals)
           ^^^^^^^^^^^^^^^^^^^^^^^^^^^^^^^^^^^^^^^^^^^^^^^^^^^^^^^^^
  File ""/var/task/_vendor/jinja2/environment.py"", line 1016, in get_template
    return self._load_template(name, globals)
           ^^^^^^^^^^^^^^^^^^^^^^^^^^^^^^^^^^
  File ""/var/task/_vendor/jinja2/environment.py"", line 975, in _load_template
    template = self.loader.load(self, name, self.make_globals(globals))
               ^^^^^^^^^^^^^^^^^^^^^^^^^^^^^^^^^^^^^^^^^^^^^^^^^^^^^^^^
  File ""/var/task/_vendor/jinja2/loaders.py"", line 138, in load
    code = environment.compile(source, name, filename)
           ^^^^^^^^^^^^^^^^^^^^^^^^^^^^^^^^^^^^^^^^^^^
  File ""/var/task/_vendor/jinja2/environment.py"", line 771, in compile
    self.handle_exception(source=source_hint)
  File ""/var/task/_vendor/jinja2/environment.py"", line 942, in handle_exception
    raise rewrite_traceback_stack(source=source)
  File ""/var/task/templates/invoices.html"", line 261, in template
    {% endblock %}
jinja2.exceptions.TemplateSyntaxError: Unexpected end of template. Jinja was looking for the following tags: 'endfor' or 'else'. The innermost block that needs to be closed is 'for'.","prj_6WEqp459cGSZsQkBcLxcy0EVnF2f","","","01KAZ57SY4KX93QNVCCB8SB17S","",-1
"2025-11-26 04:02:41",1764129761220,"invoice-automation-two.vercel.app/invoices","GET","",500,"4dnxj-1764129761207-47700ca90f07","Mozilla/5.0 (Windows NT 10.0; Win64; x64) AppleWebKit/537.36 (KHTML, like Gecko) Chrome/111.0.0.0 Safari/537.36","error","production","master","","lambda","/app.py","invoice-automation-two.vercel.app","invoice-automation-two.vercel.app","dpl_DnA9yW5AeZSi65LGnGoRmtjo6Af3",71,"iad1",129,2048,"","prj_6WEqp459cGSZsQkBcLxcy0EVnF2f","","","01KAZ57SY4KX93QNVCCB8SB17S","Ck9bz33T5zbk",1
"2025-11-26 04:02:39",1764129759312,"invoice-automation-two.vercel.app/static/style.css","GET","",-1,"jffkj-1764129759284-1caabca11864","Mozilla/5.0 (Windows NT 10.0; Win64; x64) AppleWebKit/537.36 (KHTML, like Gecko) Chrome/111.0.0.0 Safari/537.36","info","production","master","","lambda","/app.py","invoice-automation-two.vercel.app","invoice-automation-two.vercel.app","dpl_DnA9yW5AeZSi65LGnGoRmtjo6Af3",-1,"iad1",-1,-1,"127.0.0.1 - - [26/Nov/2025 04:02:39] ""GET /static/style.css HTTP/1.1"" 200 -","prj_6WEqp459cGSZsQkBcLxcy0EVnF2f","","","01KAZ57R22FETGWXZ43G5R0JJ7","",-1
"2025-11-26 04:02:39",1764129759298,"invoice-automation-two.vercel.app/static/style.css","GET","",200,"jffkj-1764129759284-1caabca11864","Mozilla/5.0 (Windows NT 10.0; Win64; x64) AppleWebKit/537.36 (KHTML, like Gecko) Chrome/111.0.0.0 Safari/537.36","info","production","master","","lambda","/app.py","invoice-automation-two.vercel.app","invoice-automation-two.vercel.app","dpl_DnA9yW5AeZSi65LGnGoRmtjo6Af3",7,"iad1",128,2048,"","prj_6WEqp459cGSZsQkBcLxcy0EVnF2f","","","01KAZ57R22FETGWXZ43G5R0JJ7","Ck9bz33T5zbk",1
"2025-11-26 04:02:39",1764129759236,"invoice-automation-two.vercel.app/customers","GET","",-1,"7gwql-1764129759166-da9577b24300","Mozilla/5.0 (Windows NT 10.0; Win64; x64) AppleWebKit/537.36 (KHTML, like Gecko) Chrome/111.0.0.0 Safari/537.36","info","production","master","","lambda","/app.py","invoice-automation-two.vercel.app","invoice-automation-two.vercel.app","dpl_DnA9yW5AeZSi65LGnGoRmtjo6Af3",-1,"iad1",-1,-1,"127.0.0.1 - - [26/Nov/2025 04:02:39] ""GET /customers HTTP/1.1"" 200 -","prj_6WEqp459cGSZsQkBcLxcy0EVnF2f","","","01KAZ57QYANPSPBPAPMQY4127Y","",-1
"2025-11-26 04:02:39",1764129759178,"invoice-automation-two.vercel.app/customers","GET","",200,"7gwql-1764129759166-da9577b24300","Mozilla/5.0 (Windows NT 10.0; Win64; x64) AppleWebKit/537.36 (KHTML, like Gecko) Chrome/111.0.0.0 Safari/537.36","info","production","master","","lambda","/app.py","invoice-automation-two.vercel.app","invoice-automation-two.vercel.app","dpl_DnA9yW5AeZSi65LGnGoRmtjo6Af3",48,"iad1",128,2048,"","prj_6WEqp459cGSZsQkBcLxcy0EVnF2f","","","01KAZ57QYANPSPBPAPMQY4127Y","Ck9bz33T5zbk",1
"2025-11-26 04:02:39",1764129759135,"invoice-automation-two.vercel.app/","GET","",-1,"h9zpf-1764129759104-f7a50e5b7214","Mozilla/5.0 (Windows NT 10.0; Win64; x64) AppleWebKit/537.36 (KHTML, like Gecko) Chrome/111.0.0.0 Safari/537.36","info","production","master","","lambda","/app.py","invoice-automation-two.vercel.app","invoice-automation-two.vercel.app","dpl_DnA9yW5AeZSi65LGnGoRmtjo6Af3",-1,"iad1",-1,-1,"127.0.0.1 - - [26/Nov/2025 04:02:39] ""GET / HTTP/1.1"" 302 -","prj_6WEqp459cGSZsQkBcLxcy0EVnF2f","","","01KAZ57QWF4F7E8J9HF89TAMKB","",-1
"2025-11-26 04:02:39",1764129759119,"invoice-automation-two.vercel.app/","GET","",302,"h9zpf-1764129759104-f7a50e5b7214","Mozilla/5.0 (Windows NT 10.0; Win64; x64) AppleWebKit/537.36 (KHTML, like Gecko) Chrome/111.0.0.0 Safari/537.36","info","production","master","","lambda","/app.py","invoice-automation-two.vercel.app","invoice-automation-two.vercel.app","dpl_DnA9yW5AeZSi65LGnGoRmtjo6Af3",7,"iad1",128,2048,"","prj_6WEqp459cGSZsQkBcLxcy0EVnF2f","","","01KAZ57QWF4F7E8J9HF89TAMKB","Ck9bz33T5zbk",1
"2025-11-26 04:02:34",1764129754143,"invoice-automation-two.vercel.app/migrate-db","GET","",-1,"rsclf-1764129753560-630a59b5afaf","Mozilla/5.0 (Windows NT 10.0; Win64; x64) AppleWebKit/537.36 (KHTML, like Gecko) Chrome/111.0.0.0 Safari/537.36","info","production","master","","lambda","/app.py","invoice-automation-two.vercel.app","invoice-automation-two.vercel.app","dpl_DnA9yW5AeZSi65LGnGoRmtjo6Af3",-1,"iad1",-1,-1,"127.0.0.1 - - [26/Nov/2025 04:02:34] ""GET /migrate-db HTTP/1.1"" 200 -","prj_6WEqp459cGSZsQkBcLxcy0EVnF2f","","","01KAZ57JF5CGHMEZB0FVH7WBQH","",-1
"2025-11-26 04:02:33",1764129753573,"invoice-automation-two.vercel.app/migrate-db","GET","",200,"rsclf-1764129753560-630a59b5afaf","Mozilla/5.0 (Windows NT 10.0; Win64; x64) AppleWebKit/537.36 (KHTML, like Gecko) Chrome/111.0.0.0 Safari/537.36","info","production","master","","lambda","/app.py","invoice-automation-two.vercel.app","invoice-automation-two.vercel.app","dpl_DnA9yW5AeZSi65LGnGoRmtjo6Af3",560,"iad1",128,2048,"","prj_6WEqp459cGSZsQkBcLxcy0EVnF2f","","","01KAZ57JF5CGHMEZB0FVH7WBQH","Ck9bz33T5zbk",1
"2025-11-26 04:02:29",1764129749763,"invoice-automation-two.vercel.app/invoices","GET","",-1,"sqskn-1764129749555-b0ab3ee87407","Mozilla/5.0 (Windows NT 10.0; Win64; x64) AppleWebKit/537.36 (KHTML, like Gecko) Chrome/111.0.0.0 Safari/537.36","info","production","master","","lambda","/app.py","invoice-automation-two.vercel.app","invoice-automation-two.vercel.app","dpl_DnA9yW5AeZSi65LGnGoRmtjo6Af3",-1,"iad1",-1,-1,"127.0.0.1 - - [26/Nov/2025 04:02:29] ""GET /invoices HTTP/1.1"" 500 -","prj_6WEqp459cGSZsQkBcLxcy0EVnF2f","","","01KAZ57EMP5YR13RVBTPT742SD","",-1
"2025-11-26 04:02:29",1764129749763,"invoice-automation-two.vercel.app/invoices","GET","",-1,"sqskn-1764129749555-b0ab3ee87407","Mozilla/5.0 (Windows NT 10.0; Win64; x64) AppleWebKit/537.36 (KHTML, like Gecko) Chrome/111.0.0.0 Safari/537.36","error","production","master","","lambda","/app.py","invoice-automation-two.vercel.app","invoice-automation-two.vercel.app","dpl_DnA9yW5AeZSi65LGnGoRmtjo6Af3",-1,"iad1",-1,-1,"Exception on /invoices [GET]
Traceback (most recent call last):
  File ""/var/task/_vendor/flask/app.py"", line 1511, in wsgi_app
    response = self.full_dispatch_request()
               ^^^^^^^^^^^^^^^^^^^^^^^^^^^^
  File ""/var/task/_vendor/flask/app.py"", line 919, in full_dispatch_request
    rv = self.handle_user_exception(e)
         ^^^^^^^^^^^^^^^^^^^^^^^^^^^^^
  File ""/var/task/_vendor/flask/app.py"", line 917, in full_dispatch_request
    rv = self.dispatch_request()
         ^^^^^^^^^^^^^^^^^^^^^^^
  File ""/var/task/_vendor/flask/app.py"", line 902, in dispatch_request
    return self.ensure_sync(self.view_functions[rule.endpoint])(**view_args)  # type: ignore[no-any-return]
           ^^^^^^^^^^^^^^^^^^^^^^^^^^^^^^^^^^^^^^^^^^^^^^^^^^^^^^^^^^^^^^^^^
  File ""/var/task/app.py"", line 367, in list_invoices
    return render_template(""invoices.html"", invoices=invoices, customers=customers_map)
           ^^^^^^^^^^^^^^^^^^^^^^^^^^^^^^^^^^^^^^^^^^^^^^^^^^^^^^^^^^^^^^^^^^^^^^^^^^^^
  File ""/var/task/_vendor/flask/templating.py"", line 149, in render_template
    template = app.jinja_env.get_or_select_template(template_name_or_list)
               ^^^^^^^^^^^^^^^^^^^^^^^^^^^^^^^^^^^^^^^^^^^^^^^^^^^^^^^^^^^
  File ""/var/task/_vendor/jinja2/environment.py"", line 1087, in get_or_select_template
    return self.get_template(template_name_or_list, parent, globals)
           ^^^^^^^^^^^^^^^^^^^^^^^^^^^^^^^^^^^^^^^^^^^^^^^^^^^^^^^^^
  File ""/var/task/_vendor/jinja2/environment.py"", line 1016, in get_template
    return self._load_template(name, globals)
           ^^^^^^^^^^^^^^^^^^^^^^^^^^^^^^^^^^
  File ""/var/task/_vendor/jinja2/environment.py"", line 975, in _load_template
    template = self.loader.load(self, name, self.make_globals(globals))
               ^^^^^^^^^^^^^^^^^^^^^^^^^^^^^^^^^^^^^^^^^^^^^^^^^^^^^^^^
  File ""/var/task/_vendor/jinja2/loaders.py"", line 138, in load
    code = environment.compile(source, name, filename)
           ^^^^^^^^^^^^^^^^^^^^^^^^^^^^^^^^^^^^^^^^^^^
  File ""/var/task/_vendor/jinja2/environment.py"", line 771, in compile
    self.handle_exception(source=source_hint)
  File ""/var/task/_vendor/jinja2/environment.py"", line 942, in handle_exception
    raise rewrite_traceback_stack(source=source)
  File ""/var/task/templates/invoices.html"", line 261, in template
    {% endblock %}
jinja2.exceptions.TemplateSyntaxError: Unexpected end of template. Jinja was looking for the following tags: 'endfor' or 'else'. The innermost block that needs to be closed is 'for'.","prj_6WEqp459cGSZsQkBcLxcy0EVnF2f","","","01KAZ57EMP5YR13RVBTPT742SD","",-1
"2025-11-26 04:02:29",1764129749654,"invoice-automation-two.vercel.app/invoices","GET","",500,"sqskn-1764129749555-b0ab3ee87407","Mozilla/5.0 (Windows NT 10.0; Win64; x64) AppleWebKit/537.36 (KHTML, like Gecko) Chrome/111.0.0.0 Safari/537.36","error","production","master","","lambda","/app.py","invoice-automation-two.vercel.app","invoice-automation-two.vercel.app","dpl_DnA9yW5AeZSi65LGnGoRmtjo6Af3",99,"iad1",128,2048,"","prj_6WEqp459cGSZsQkBcLxcy0EVnF2f","","","01KAZ57EMP5YR13RVBTPT742SD","Ck9bz33T5zbk",1
"2025-11-26 04:02:26",1764129746365,"invoice-automation-rcb21sbtt-ryans-projects-d8bd1793.vercel.app/favicon.ico","GET","",-1,"x2mh2-1764129746312-d897c47a6cc6","vercel-screenshot/1.0","info","production","master","","lambda","/app.py","invoice-automation-rcb21sbtt-ryans-projects-d8bd1793.vercel.app","invoice-automation-rcb21sbtt-ryans-projects-d8bd1793.vercel.app","dpl_DnA9yW5AeZSi65LGnGoRmtjo6Af3",-1,"iad1",-1,-1,"127.0.0.1 - - [26/Nov/2025 04:02:26] ""GET /favicon.ico HTTP/1.1"" 404 -","prj_6WEqp459cGSZsQkBcLxcy0EVnF2f","","","01KAZ57BDD9YHDNKFM5R5V3532","",-1
"2025-11-26 04:02:26",1764129746349,"invoice-automation-rcb21sbtt-ryans-projects-d8bd1793.vercel.app/favicon.ico","GET","",404,"x2mh2-1764129746312-d897c47a6cc6","vercel-screenshot/1.0","warning","production","master","","lambda","/app.py","invoice-automation-rcb21sbtt-ryans-projects-d8bd1793.vercel.app","invoice-automation-rcb21sbtt-ryans-projects-d8bd1793.vercel.app","dpl_DnA9yW5AeZSi65LGnGoRmtjo6Af3",5,"iad1",128,2048,"","prj_6WEqp459cGSZsQkBcLxcy0EVnF2f","","","01KAZ57BDD9YHDNKFM5R5V3532","Ck9bz33T5zbk",1
"2025-11-26 04:02:26",1764129746271,"invoice-automation-rcb21sbtt-ryans-projects-d8bd1793.vercel.app/favicon.ico","GET","",-1,"jmpkq-1764129746216-1bf9aaf0dc7b","vercel-screenshot/1.0","info","production","master","","lambda","/app.py","invoice-automation-rcb21sbtt-ryans-projects-d8bd1793.vercel.app","invoice-automation-rcb21sbtt-ryans-projects-d8bd1793.vercel.app","dpl_DnA9yW5AeZSi65LGnGoRmtjo6Af3",-1,"iad1",-1,-1,"127.0.0.1 - - [26/Nov/2025 04:02:26] ""GET /favicon.ico HTTP/1.1"" 404 -","prj_6WEqp459cGSZsQkBcLxcy0EVnF2f","","","01KAZ57BAH1TD6R2MYWS3FC2WK","",-1
"2025-11-26 04:02:26",1764129746257,"invoice-automation-rcb21sbtt-ryans-projects-d8bd1793.vercel.app/favicon.ico","GET","",404,"jmpkq-1764129746216-1bf9aaf0dc7b","vercel-screenshot/1.0","warning","production","master","","lambda","/app.py","invoice-automation-rcb21sbtt-ryans-projects-d8bd1793.vercel.app","invoice-automation-rcb21sbtt-ryans-projects-d8bd1793.vercel.app","dpl_DnA9yW5AeZSi65LGnGoRmtjo6Af3",5,"iad1",128,2048,"","prj_6WEqp459cGSZsQkBcLxcy0EVnF2f","","","01KAZ57BAH1TD6R2MYWS3FC2WK","Ck9bz33T5zbk",1
"2025-11-26 04:02:26",1764129746251,"invoice-automation-rcb21sbtt-ryans-projects-d8bd1793.vercel.app/favicon.png","GET","",-1,"w2mqf-1764129746200-ce0c95c53671","vercel-favicon/1.0","info","production","master","","lambda","/app.py","invoice-automation-rcb21sbtt-ryans-projects-d8bd1793.vercel.app","invoice-automation-rcb21sbtt-ryans-projects-d8bd1793.vercel.app","dpl_DnA9yW5AeZSi65LGnGoRmtjo6Af3",-1,"iad1",-1,-1,"127.0.0.1 - - [26/Nov/2025 04:02:26] ""GET /favicon.png HTTP/1.1"" 404 -","prj_6WEqp459cGSZsQkBcLxcy0EVnF2f","","","01KAZ57B9YQ8F9VNHTE1WXCYWW","",-1
"2025-11-26 04:02:26",1764129746238,"invoice-automation-rcb21sbtt-ryans-projects-d8bd1793.vercel.app/favicon.png","GET","",404,"w2mqf-1764129746200-ce0c95c53671","vercel-favicon/1.0","warning","production","master","","lambda","/app.py","invoice-automation-rcb21sbtt-ryans-projects-d8bd1793.vercel.app","invoice-automation-rcb21sbtt-ryans-projects-d8bd1793.vercel.app","dpl_DnA9yW5AeZSi65LGnGoRmtjo6Af3",5,"iad1",128,2048,"","prj_6WEqp459cGSZsQkBcLxcy0EVnF2f","","","01KAZ57B9YQ8F9VNHTE1WXCYWW","Ck9bz33T5zbk",1
"2025-11-26 04:02:26",1764129746160,"invoice-automation-rcb21sbtt-ryans-projects-d8bd1793.vercel.app/favicon.ico","GET","",-1,"w2mqf-1764129746111-de19c2ea8775","vercel-favicon/1.0","info","production","master","","lambda","/app.py","invoice-automation-rcb21sbtt-ryans-projects-d8bd1793.vercel.app","invoice-automation-rcb21sbtt-ryans-projects-d8bd1793.vercel.app","dpl_DnA9yW5AeZSi65LGnGoRmtjo6Af3",-1,"iad1",-1,-1,"127.0.0.1 - - [26/Nov/2025 04:02:26] ""GET /favicon.ico HTTP/1.1"" 404 -","prj_6WEqp459cGSZsQkBcLxcy0EVnF2f","","","01KAZ57B7587NQ6EJMMG7JRVB4","",-1
"2025-11-26 04:02:26",1764129746149,"invoice-automation-rcb21sbtt-ryans-projects-d8bd1793.vercel.app/favicon.ico","GET","",404,"w2mqf-1764129746111-de19c2ea8775","vercel-favicon/1.0","warning","production","master","","lambda","/app.py","invoice-automation-rcb21sbtt-ryans-projects-d8bd1793.vercel.app","invoice-automation-rcb21sbtt-ryans-projects-d8bd1793.vercel.app","dpl_DnA9yW5AeZSi65LGnGoRmtjo6Af3",5,"iad1",128,2048,"","prj_6WEqp459cGSZsQkBcLxcy0EVnF2f","","","01KAZ57B7587NQ6EJMMG7JRVB4","Ck9bz33T5zbk",1
"2025-11-26 04:02:26",1764129746117,"invoice-automation-rcb21sbtt-ryans-projects-d8bd1793.vercel.app/static/style.css","GET","",-1,"x2mh2-1764129746063-dec103832b42","vercel-screenshot/1.0","info","production","master","","lambda","/app.py","invoice-automation-rcb21sbtt-ryans-projects-d8bd1793.vercel.app","invoice-automation-rcb21sbtt-ryans-projects-d8bd1793.vercel.app","dpl_DnA9yW5AeZSi65LGnGoRmtjo6Af3",-1,"iad1",-1,-1,"127.0.0.1 - - [26/Nov/2025 04:02:26] ""GET /static/style.css HTTP/1.1"" 200 -","prj_6WEqp459cGSZsQkBcLxcy0EVnF2f","","","01KAZ57B5SXB8ZT4NY0584X8C0","",-1
"2025-11-26 04:02:26",1764129746105,"invoice-automation-rcb21sbtt-ryans-projects-d8bd1793.vercel.app/static/style.css","GET","",200,"x2mh2-1764129746063-dec103832b42","vercel-screenshot/1.0","info","production","master","","lambda","/app.py","invoice-automation-rcb21sbtt-ryans-projects-d8bd1793.vercel.app","invoice-automation-rcb21sbtt-ryans-projects-d8bd1793.vercel.app","dpl_DnA9yW5AeZSi65LGnGoRmtjo6Af3",5,"iad1",128,2048,"","prj_6WEqp459cGSZsQkBcLxcy0EVnF2f","","","01KAZ57B5SXB8ZT4NY0584X8C0","Ck9bz33T5zbk",1
"2025-11-26 04:02:26",1764129746102,"invoice-automation-rcb21sbtt-ryans-projects-d8bd1793.vercel.app/static/style.css","GET","",-1,"jmpkq-1764129746049-6e69907e97f6","vercel-screenshot/1.0","info","production","master","","lambda","/app.py","invoice-automation-rcb21sbtt-ryans-projects-d8bd1793.vercel.app","invoice-automation-rcb21sbtt-ryans-projects-d8bd1793.vercel.app","dpl_DnA9yW5AeZSi65LGnGoRmtjo6Af3",-1,"iad1",-1,-1,"127.0.0.1 - - [26/Nov/2025 04:02:26] ""GET /static/style.css HTTP/1.1"" 200 -","prj_6WEqp459cGSZsQkBcLxcy0EVnF2f","","","01KAZ57B5743K44RRZJPCRD3ES","",-1
"2025-11-26 04:02:26",1764129746087,"invoice-automation-rcb21sbtt-ryans-projects-d8bd1793.vercel.app/static/style.css","GET","",200,"jmpkq-1764129746049-6e69907e97f6","vercel-screenshot/1.0","info","production","master","","lambda","/app.py","invoice-automation-rcb21sbtt-ryans-projects-d8bd1793.vercel.app","invoice-automation-rcb21sbtt-ryans-projects-d8bd1793.vercel.app","dpl_DnA9yW5AeZSi65LGnGoRmtjo6Af3",6,"iad1",128,2048,"","prj_6WEqp459cGSZsQkBcLxcy0EVnF2f","","","01KAZ57B5743K44RRZJPCRD3ES","Ck9bz33T5zbk",1
"2025-11-26 04:02:25",1764129745970,"invoice-automation-rcb21sbtt-ryans-projects-d8bd1793.vercel.app/customers","GET","",-1,"jmpkq-1764129745586-625f8ed012b0","vercel-favicon/1.0","info","production","master","","lambda","/app.py","invoice-automation-rcb21sbtt-ryans-projects-d8bd1793.vercel.app","invoice-automation-rcb21sbtt-ryans-projects-d8bd1793.vercel.app","dpl_DnA9yW5AeZSi65LGnGoRmtjo6Af3",-1,"iad1",-1,-1,"127.0.0.1 - - [26/Nov/2025 04:02:25] ""GET /customers HTTP/1.1"" 200 -","prj_6WEqp459cGSZsQkBcLxcy0EVnF2f","","","01KAZ57APWTAJK0CMAFTY8QM79","",-1
"2025-11-26 04:02:25",1764129745967,"invoice-automation-rcb21sbtt-ryans-projects-d8bd1793.vercel.app/customers","GET","",-1,"w2mqf-1764129745633-149b89bb65ef","vercel-screenshot/1.0","info","production","master","","lambda","/app.py","invoice-automation-rcb21sbtt-ryans-projects-d8bd1793.vercel.app","invoice-automation-rcb21sbtt-ryans-projects-d8bd1793.vercel.app","dpl_DnA9yW5AeZSi65LGnGoRmtjo6Af3",-1,"iad1",-1,-1,"127.0.0.1 - - [26/Nov/2025 04:02:25] ""GET /customers HTTP/1.1"" 200 -","prj_6WEqp459cGSZsQkBcLxcy0EVnF2f","","","01KAZ57APWTAJK0CMAFTY8QM79","",-1
"2025-11-26 04:02:25",1764129745967,"invoice-automation-rcb21sbtt-ryans-projects-d8bd1793.vercel.app/customers","GET","",-1,"ql524-1764129745746-5190cd79c8d2","vercel-screenshot/1.0","info","production","master","","lambda","/app.py","invoice-automation-rcb21sbtt-ryans-projects-d8bd1793.vercel.app","invoice-automation-rcb21sbtt-ryans-projects-d8bd1793.vercel.app","dpl_DnA9yW5AeZSi65LGnGoRmtjo6Af3",-1,"iad1",-1,-1,"127.0.0.1 - - [26/Nov/2025 04:02:25] ""GET /customers HTTP/1.1"" 200 -","prj_6WEqp459cGSZsQkBcLxcy0EVnF2f","","","01KAZ57APWTAJK0CMAFTY8QM79","",-1
"2025-11-26 04:02:25",1764129745786,"invoice-automation-rcb21sbtt-ryans-projects-d8bd1793.vercel.app/customers","GET","",200,"ql524-1764129745746-5190cd79c8d2","vercel-screenshot/1.0","info","production","master","","lambda","/app.py","invoice-automation-rcb21sbtt-ryans-projects-d8bd1793.vercel.app","invoice-automation-rcb21sbtt-ryans-projects-d8bd1793.vercel.app","dpl_DnA9yW5AeZSi65LGnGoRmtjo6Af3",181,"iad1",-1,2048,"","prj_6WEqp459cGSZsQkBcLxcy0EVnF2f","","","01KAZ57APWTAJK0CMAFTY8QM79","Ck9bz33T5zbk",3
"2025-11-26 04:02:25",1764129745701,"invoice-automation-rcb21sbtt-ryans-projects-d8bd1793.vercel.app/","GET","",-1,"r7sp4-1764129745585-c084ac0ce029","vercel-screenshot/1.0","info","production","master","","lambda","/app.py","invoice-automation-rcb21sbtt-ryans-projects-d8bd1793.vercel.app","invoice-automation-rcb21sbtt-ryans-projects-d8bd1793.vercel.app","dpl_DnA9yW5AeZSi65LGnGoRmtjo6Af3",-1,"iad1",-1,-1,"127.0.0.1 - - [26/Nov/2025 04:02:25] ""GET / HTTP/1.1"" 302 -","prj_6WEqp459cGSZsQkBcLxcy0EVnF2f","","","01KAZ57APWTAJK0CMAFTY8QM79","",-1
"2025-11-26 04:02:25",1764129745698,"invoice-automation-rcb21sbtt-ryans-projects-d8bd1793.vercel.app/","GET","",302,"r7sp4-1764129745585-c084ac0ce029","vercel-screenshot/1.0","info","production","master","","lambda","/app.py","invoice-automation-rcb21sbtt-ryans-projects-d8bd1793.vercel.app","invoice-automation-rcb21sbtt-ryans-projects-d8bd1793.vercel.app","dpl_DnA9yW5AeZSi65LGnGoRmtjo6Af3",2,"iad1",-1,2048,"","prj_6WEqp459cGSZsQkBcLxcy0EVnF2f","","","01KAZ57APWTAJK0CMAFTY8QM79","Ck9bz33T5zbk",3
"2025-11-26 04:02:25",1764129745672,"invoice-automation-rcb21sbtt-ryans-projects-d8bd1793.vercel.app/customers","GET","",200,"w2mqf-1764129745633-149b89bb65ef","vercel-screenshot/1.0","info","production","master","","lambda","/app.py","invoice-automation-rcb21sbtt-ryans-projects-d8bd1793.vercel.app","invoice-automation-rcb21sbtt-ryans-projects-d8bd1793.vercel.app","dpl_DnA9yW5AeZSi65LGnGoRmtjo6Af3",295,"iad1",-1,2048,"","prj_6WEqp459cGSZsQkBcLxcy0EVnF2f","","","01KAZ57APWTAJK0CMAFTY8QM79","Ck9bz33T5zbk",3
"2025-11-26 04:02:25",1764129745628,"invoice-automation-rcb21sbtt-ryans-projects-d8bd1793.vercel.app/customers","GET","",200,"jmpkq-1764129745586-625f8ed012b0","vercel-favicon/1.0","info","production","master","","lambda","/app.py","invoice-automation-rcb21sbtt-ryans-projects-d8bd1793.vercel.app","invoice-automation-rcb21sbtt-ryans-projects-d8bd1793.vercel.app","dpl_DnA9yW5AeZSi65LGnGoRmtjo6Af3",329,"iad1",128,2048,"","prj_6WEqp459cGSZsQkBcLxcy0EVnF2f","","","01KAZ57APWTAJK0CMAFTY8QM79","Ck9bz33T5zbk",3
"2025-11-26 04:02:25",1764129745601,"invoice-automation-rcb21sbtt-ryans-projects-d8bd1793.vercel.app/static/style.css","GET","",-1,"lr8q8-1764129743754-025679679369","Mozilla/5.0 (X11; Linux x86_64) AppleWebKit/537.36 (KHTML, like Gecko) HeadlessChrome/141.0.7390.0 Safari/537.36","info","production","master","","lambda","/app.py","invoice-automation-rcb21sbtt-ryans-projects-d8bd1793.vercel.app","invoice-automation-rcb21sbtt-ryans-projects-d8bd1793.vercel.app","dpl_DnA9yW5AeZSi65LGnGoRmtjo6Af3",-1,"iad1",-1,-1,"127.0.0.1 - - [26/Nov/2025 04:02:25] ""GET /static/style.css HTTP/1.1"" 200 -","prj_6WEqp459cGSZsQkBcLxcy0EVnF2f","","","01KAZ578XJ6BGKD9SB2YDK5PBY","",-1
"2025-11-26 04:02:25",1764129745547,"invoice-automation-rcb21sbtt-ryans-projects-d8bd1793.vercel.app/","GET","",-1,"z52p7-1764129743211-8dc61239be19","vercel-favicon/1.0","info","production","master","","lambda","/app.py","invoice-automation-rcb21sbtt-ryans-projects-d8bd1793.vercel.app","invoice-automation-rcb21sbtt-ryans-projects-d8bd1793.vercel.app","dpl_DnA9yW5AeZSi65LGnGoRmtjo6Af3",-1,"iad1",-1,-1,"127.0.0.1 - - [26/Nov/2025 04:02:25] ""GET / HTTP/1.1"" 302 -","prj_6WEqp459cGSZsQkBcLxcy0EVnF2f","","","01KAZ578FNNSSNMFY0PBC63QD4","",-1
"2025-11-26 04:02:25",1764129745479,"invoice-automation-rcb21sbtt-ryans-projects-d8bd1793.vercel.app/","GET","",-1,"kbdm4-1764129745425-e7e73a174930","vercel-screenshot/1.0","info","production","master","","lambda","/app.py","invoice-automation-rcb21sbtt-ryans-projects-d8bd1793.vercel.app","invoice-automation-rcb21sbtt-ryans-projects-d8bd1793.vercel.app","dpl_DnA9yW5AeZSi65LGnGoRmtjo6Af3",-1,"iad1",-1,-1,"127.0.0.1 - - [26/Nov/2025 04:02:25] ""GET / HTTP/1.1"" 302 -","prj_6WEqp459cGSZsQkBcLxcy0EVnF2f","","","01KAZ57AHS6NC624H2CT5YX2VN","",-1
"2025-11-26 04:02:25",1764129745464,"invoice-automation-rcb21sbtt-ryans-projects-d8bd1793.vercel.app/","GET","",302,"kbdm4-1764129745425-e7e73a174930","vercel-screenshot/1.0","info","production","master","","lambda","/app.py","invoice-automation-rcb21sbtt-ryans-projects-d8bd1793.vercel.app","invoice-automation-rcb21sbtt-ryans-projects-d8bd1793.vercel.app","dpl_DnA9yW5AeZSi65LGnGoRmtjo6Af3",4,"iad1",127,2048,"","prj_6WEqp459cGSZsQkBcLxcy0EVnF2f","","","01KAZ57AHS6NC624H2CT5YX2VN","rlrAPTQbvlSU",1
"2025-11-26 04:02:25",1764129745462,"invoice-automation-rcb21sbtt-ryans-projects-d8bd1793.vercel.app/customers","GET","",-1,"fgh9r-1764129745361-75c3ef0212ad","vercel-screenshot/1.0","info","production","master","","lambda","/app.py","invoice-automation-rcb21sbtt-ryans-projects-d8bd1793.vercel.app","invoice-automation-rcb21sbtt-ryans-projects-d8bd1793.vercel.app","dpl_DnA9yW5AeZSi65LGnGoRmtjo6Af3",-1,"iad1",-1,-1,"127.0.0.1 - - [26/Nov/2025 04:02:25] ""GET /customers HTTP/1.1"" 200 -","prj_6WEqp459cGSZsQkBcLxcy0EVnF2f","","","01KAZ57AFTS7HNH8ZGQFY2F740","",-1
"2025-11-26 04:02:25",1764129745428,"invoice-automation-rcb21sbtt-ryans-projects-d8bd1793.vercel.app/static/style.css","GET","",-1,"sxslx-1764129745373-bd1e48d51a75","Mozilla/5.0 (X11; Linux x86_64) AppleWebKit/537.36 (KHTML, like Gecko) HeadlessChrome/141.0.7390.0 Safari/537.36","info","production","master","","lambda","/app.py","invoice-automation-rcb21sbtt-ryans-projects-d8bd1793.vercel.app","invoice-automation-rcb21sbtt-ryans-projects-d8bd1793.vercel.app","dpl_DnA9yW5AeZSi65LGnGoRmtjo6Af3",-1,"iad1",-1,-1,"127.0.0.1 - - [26/Nov/2025 04:02:25] ""GET /static/style.css HTTP/1.1"" 200 -","prj_6WEqp459cGSZsQkBcLxcy0EVnF2f","","","01KAZ57AG5KQPF62WECQFS4HD7","",-1
"2025-11-26 04:02:25",1764129745427,"invoice-automation-rcb21sbtt-ryans-projects-d8bd1793.vercel.app/static/style.css","GET","",-1,"fpf7s-1764129745371-4d0f2e8dad03","Mozilla/5.0 (X11; Linux x86_64) AppleWebKit/537.36 (KHTML, like Gecko) HeadlessChrome/141.0.7390.0 Safari/537.36","info","production","master","","lambda","/app.py","invoice-automation-rcb21sbtt-ryans-projects-d8bd1793.vercel.app","invoice-automation-rcb21sbtt-ryans-projects-d8bd1793.vercel.app","dpl_DnA9yW5AeZSi65LGnGoRmtjo6Af3",-1,"iad1",-1,-1,"127.0.0.1 - - [26/Nov/2025 04:02:25] ""GET /static/style.css HTTP/1.1"" 200 -","prj_6WEqp459cGSZsQkBcLxcy0EVnF2f","","","01KAZ57AG2DJP4WC732YRK8X0M","",-1
"2025-11-26 04:02:25",1764129745413,"invoice-automation-rcb21sbtt-ryans-projects-d8bd1793.vercel.app/static/style.css","GET","",200,"sxslx-1764129745373-bd1e48d51a75","Mozilla/5.0 (X11; Linux x86_64) AppleWebKit/537.36 (KHTML, like Gecko) HeadlessChrome/141.0.7390.0 Safari/537.36","info","production","master","","lambda","/app.py","invoice-automation-rcb21sbtt-ryans-projects-d8bd1793.vercel.app","invoice-automation-rcb21sbtt-ryans-projects-d8bd1793.vercel.app","dpl_DnA9yW5AeZSi65LGnGoRmtjo6Af3",6,"iad1",126,2048,"","prj_6WEqp459cGSZsQkBcLxcy0EVnF2f","","","01KAZ57AG5KQPF62WECQFS4HD7","9jQRVIraRDhM",1
"2025-11-26 04:02:25",1764129745410,"invoice-automation-rcb21sbtt-ryans-projects-d8bd1793.vercel.app/static/style.css","GET","",200,"fpf7s-1764129745371-4d0f2e8dad03","Mozilla/5.0 (X11; Linux x86_64) AppleWebKit/537.36 (KHTML, like Gecko) HeadlessChrome/141.0.7390.0 Safari/537.36","info","production","master","","lambda","/app.py","invoice-automation-rcb21sbtt-ryans-projects-d8bd1793.vercel.app","invoice-automation-rcb21sbtt-ryans-projects-d8bd1793.vercel.app","dpl_DnA9yW5AeZSi65LGnGoRmtjo6Af3",7,"iad1",121,2048,"","prj_6WEqp459cGSZsQkBcLxcy0EVnF2f","","","01KAZ57AG2DJP4WC732YRK8X0M","g3PHh8AXkQLK",1
"2025-11-26 04:02:25",1764129745402,"invoice-automation-rcb21sbtt-ryans-projects-d8bd1793.vercel.app/customers","GET","",200,"fgh9r-1764129745361-75c3ef0212ad","vercel-screenshot/1.0","info","production","master","","lambda","/app.py","invoice-automation-rcb21sbtt-ryans-projects-d8bd1793.vercel.app","invoice-automation-rcb21sbtt-ryans-projects-d8bd1793.vercel.app","dpl_DnA9yW5AeZSi65LGnGoRmtjo6Af3",48,"iad1",127,2048,"","prj_6WEqp459cGSZsQkBcLxcy0EVnF2f","","","01KAZ57AFTS7HNH8ZGQFY2F740","rlrAPTQbvlSU",1
"2025-11-26 04:02:25",1764129745312,"invoice-automation-rcb21sbtt-ryans-projects-d8bd1793.vercel.app/customers","GET","",-1,"r2cgr-1764129744920-eb305e49cb63","Mozilla/5.0 (X11; Linux x86_64) AppleWebKit/537.36 (KHTML, like Gecko) HeadlessChrome/141.0.7390.0 Safari/537.36","info","production","master","","lambda","/app.py","invoice-automation-rcb21sbtt-ryans-projects-d8bd1793.vercel.app","invoice-automation-rcb21sbtt-ryans-projects-d8bd1793.vercel.app","dpl_DnA9yW5AeZSi65LGnGoRmtjo6Af3",-1,"iad1",-1,-1,"127.0.0.1 - - [26/Nov/2025 04:02:25] ""GET /customers HTTP/1.1"" 200 -","prj_6WEqp459cGSZsQkBcLxcy0EVnF2f","","","01KAZ57A21BF8M0J3V1TGB1B4E","",-1
"2025-11-26 04:02:25",1764129745312,"invoice-automation-rcb21sbtt-ryans-projects-d8bd1793.vercel.app/","GET","",-1,"jmpkq-1764129742666-3106e484afea","vercel-screenshot/1.0","info","production","master","","lambda","/app.py","invoice-automation-rcb21sbtt-ryans-projects-d8bd1793.vercel.app","invoice-automation-rcb21sbtt-ryans-projects-d8bd1793.vercel.app","dpl_DnA9yW5AeZSi65LGnGoRmtjo6Af3",-1,"iad1",-1,-1,"127.0.0.1 - - [26/Nov/2025 04:02:25] ""GET / HTTP/1.1"" 302 -","prj_6WEqp459cGSZsQkBcLxcy0EVnF2f","","","01KAZ577YTRS8NECFAPDX2DEPF","",-1
"2025-11-26 04:02:25",1764129745311,"invoice-automation-rcb21sbtt-ryans-projects-d8bd1793.vercel.app/customers","GET","",-1,"dzfc7-1764129744929-0ebdc59d1480","Mozilla/5.0 (X11; Linux x86_64) AppleWebKit/537.36 (KHTML, like Gecko) HeadlessChrome/141.0.7390.0 Safari/537.36","info","production","master","","lambda","/app.py","invoice-automation-rcb21sbtt-ryans-projects-d8bd1793.vercel.app","invoice-automation-rcb21sbtt-ryans-projects-d8bd1793.vercel.app","dpl_DnA9yW5AeZSi65LGnGoRmtjo6Af3",-1,"iad1",-1,-1,"127.0.0.1 - - [26/Nov/2025 04:02:25] ""GET /customers HTTP/1.1"" 200 -","prj_6WEqp459cGSZsQkBcLxcy0EVnF2f","","","01KAZ57A2A75H48P0FC206X1DE","",-1
"2025-11-26 04:02:25",1764129745308,"invoice-automation-rcb21sbtt-ryans-projects-d8bd1793.vercel.app/customers","GET","",-1,"r2cgr-1764129745067-d95d3c6bd6af","vercel-screenshot/1.0","info","production","master","","lambda","/app.py","invoice-automation-rcb21sbtt-ryans-projects-d8bd1793.vercel.app","invoice-automation-rcb21sbtt-ryans-projects-d8bd1793.vercel.app","dpl_DnA9yW5AeZSi65LGnGoRmtjo6Af3",-1,"iad1",-1,-1,"127.0.0.1 - - [26/Nov/2025 04:02:25] ""GET /customers HTTP/1.1"" 200 -","prj_6WEqp459cGSZsQkBcLxcy0EVnF2f","","","01KAZ57A21BF8M0J3V1TGB1B4E","",-1
"2025-11-26 04:02:25",1764129745107,"invoice-automation-rcb21sbtt-ryans-projects-d8bd1793.vercel.app/customers","GET","",200,"r2cgr-1764129745067-d95d3c6bd6af","vercel-screenshot/1.0","info","production","master","","lambda","/app.py","invoice-automation-rcb21sbtt-ryans-projects-d8bd1793.vercel.app","invoice-automation-rcb21sbtt-ryans-projects-d8bd1793.vercel.app","dpl_DnA9yW5AeZSi65LGnGoRmtjo6Af3",200,"iad1",-1,2048,"","prj_6WEqp459cGSZsQkBcLxcy0EVnF2f","","","01KAZ57A21BF8M0J3V1TGB1B4E","rlrAPTQbvlSU",2
"2025-11-26 04:02:25",1764129745019,"invoice-automation-rcb21sbtt-ryans-projects-d8bd1793.vercel.app/","GET","",-1,"sxmmm-1764129742520-b27bece7dcdc","vercel-screenshot/1.0","info","production","master","","lambda","/app.py","invoice-automation-rcb21sbtt-ryans-projects-d8bd1793.vercel.app","invoice-automation-rcb21sbtt-ryans-projects-d8bd1793.vercel.app","dpl_DnA9yW5AeZSi65LGnGoRmtjo6Af3",-1,"iad1",-1,-1,"127.0.0.1 - - [26/Nov/2025 04:02:25] ""GET / HTTP/1.1"" 302 -","prj_6WEqp459cGSZsQkBcLxcy0EVnF2f","","","01KAZ577V31PSJ5TCBV12TYASV","",-1
"2025-11-26 04:02:24",1764129744970,"invoice-automation-rcb21sbtt-ryans-projects-d8bd1793.vercel.app/customers","GET","",200,"dzfc7-1764129744929-0ebdc59d1480","Mozilla/5.0 (X11; Linux x86_64) AppleWebKit/537.36 (KHTML, like Gecko) HeadlessChrome/141.0.7390.0 Safari/537.36","info","production","master","","lambda","/app.py","invoice-automation-rcb21sbtt-ryans-projects-d8bd1793.vercel.app","invoice-automation-rcb21sbtt-ryans-projects-d8bd1793.vercel.app","dpl_DnA9yW5AeZSi65LGnGoRmtjo6Af3",334,"iad1",126,2048,"","prj_6WEqp459cGSZsQkBcLxcy0EVnF2f","","","01KAZ57A2A75H48P0FC206X1DE","9jQRVIraRDhM",1
"2025-11-26 04:02:24",1764129744961,"invoice-automation-rcb21sbtt-ryans-projects-d8bd1793.vercel.app/customers","GET","",200,"r2cgr-1764129744920-eb305e49cb63","Mozilla/5.0 (X11; Linux x86_64) AppleWebKit/537.36 (KHTML, like Gecko) HeadlessChrome/141.0.7390.0 Safari/537.36","info","production","master","","lambda","/app.py","invoice-automation-rcb21sbtt-ryans-projects-d8bd1793.vercel.app","invoice-automation-rcb21sbtt-ryans-projects-d8bd1793.vercel.app","dpl_DnA9yW5AeZSi65LGnGoRmtjo6Af3",334,"iad1",127,2048,"","prj_6WEqp459cGSZsQkBcLxcy0EVnF2f","","","01KAZ57A21BF8M0J3V1TGB1B4E","rlrAPTQbvlSU",2
"2025-11-26 04:02:24",1764129744888,"invoice-automation-rcb21sbtt-ryans-projects-d8bd1793.vercel.app/","GET","",-1,"dzfc7-1764129742785-5e4c167e8798","Mozilla/5.0 (X11; Linux x86_64) AppleWebKit/537.36 (KHTML, like Gecko) HeadlessChrome/141.0.7390.0 Safari/537.36","info","production","master","","lambda","/app.py","invoice-automation-rcb21sbtt-ryans-projects-d8bd1793.vercel.app","invoice-automation-rcb21sbtt-ryans-projects-d8bd1793.vercel.app","dpl_DnA9yW5AeZSi65LGnGoRmtjo6Af3",-1,"iad1",-1,-1,"127.0.0.1 - - [26/Nov/2025 04:02:24] ""GET / HTTP/1.1"" 302 -","prj_6WEqp459cGSZsQkBcLxcy0EVnF2f","","","01KAZ577ZG89BHHSYGD1DBFKSX","",-1
"2025-11-26 04:02:24",1764129744880,"invoice-automation-rcb21sbtt-ryans-projects-d8bd1793.vercel.app/","GET","",-1,"r2cgr-1764129742249-a7dd24ecc060","Mozilla/5.0 (X11; Linux x86_64) AppleWebKit/537.36 (KHTML, like Gecko) HeadlessChrome/141.0.7390.0 Safari/537.36","info","production","master","","lambda","/app.py","invoice-automation-rcb21sbtt-ryans-projects-d8bd1793.vercel.app","invoice-automation-rcb21sbtt-ryans-projects-d8bd1793.vercel.app","dpl_DnA9yW5AeZSi65LGnGoRmtjo6Af3",-1,"iad1",-1,-1,"127.0.0.1 - - [26/Nov/2025 04:02:24] ""GET / HTTP/1.1"" 302 -","prj_6WEqp459cGSZsQkBcLxcy0EVnF2f","","","01KAZ577P1B7Q5AGJCA2RQXVFG","",-1
"2025-11-26 04:02:24",1764129744172,"invoice-automation-two.vercel.app/static/style.css","GET","",-1,"rsclf-1764129744060-a105ea60cd42","Mozilla/5.0 (Windows NT 10.0; Win64; x64) AppleWebKit/537.36 (KHTML, like Gecko) Chrome/111.0.0.0 Safari/537.36","info","production","master","","lambda","/app.py","invoice-automation-two.vercel.app","invoice-automation-two.vercel.app","dpl_DnA9yW5AeZSi65LGnGoRmtjo6Af3",-1,"iad1",-1,-1,"127.0.0.1 - - [26/Nov/2025 04:02:24] ""GET /static/style.css HTTP/1.1"" 200 -","prj_6WEqp459cGSZsQkBcLxcy0EVnF2f","","","01KAZ5798ZJDH2XYVTMA76T9WQ","",-1
"2025-11-26 04:02:24",1764129744159,"invoice-automation-two.vercel.app/static/style.css","GET","",200,"rsclf-1764129744060-a105ea60cd42","Mozilla/5.0 (Windows NT 10.0; Win64; x64) AppleWebKit/537.36 (KHTML, like Gecko) Chrome/111.0.0.0 Safari/537.36","info","production","master","","lambda","/app.py","invoice-automation-two.vercel.app","invoice-automation-two.vercel.app","dpl_DnA9yW5AeZSi65LGnGoRmtjo6Af3",6,"iad1",128,2048,"","prj_6WEqp459cGSZsQkBcLxcy0EVnF2f","","","01KAZ5798ZJDH2XYVTMA76T9WQ","5KpocT3GHjFB",1
"2025-11-26 04:02:24",1764129744011,"invoice-automation-two.vercel.app/customers","GET","",-1,"rlxv4-1764129743903-df416474ddd1","Mozilla/5.0 (Windows NT 10.0; Win64; x64) AppleWebKit/537.36 (KHTML, like Gecko) Chrome/111.0.0.0 Safari/537.36","info","production","master","","lambda","/app.py","invoice-automation-two.vercel.app","invoice-automation-two.vercel.app","dpl_DnA9yW5AeZSi65LGnGoRmtjo6Af3",-1,"iad1",-1,-1,"127.0.0.1 - - [26/Nov/2025 04:02:24] ""GET /customers HTTP/1.1"" 200 -","prj_6WEqp459cGSZsQkBcLxcy0EVnF2f","","","01KAZ5792K27RRSH5MQNQDE3RW","",-1
"2025-11-26 04:02:23",1764129743955,"invoice-automation-two.vercel.app/customers","GET","",200,"rlxv4-1764129743903-df416474ddd1","Mozilla/5.0 (Windows NT 10.0; Win64; x64) AppleWebKit/537.36 (KHTML, like Gecko) Chrome/111.0.0.0 Safari/537.36","info","production","master","","lambda","/app.py","invoice-automation-two.vercel.app","invoice-automation-two.vercel.app","dpl_DnA9yW5AeZSi65LGnGoRmtjo6Af3",50,"iad1",128,2048,"","prj_6WEqp459cGSZsQkBcLxcy0EVnF2f","","","01KAZ5792K27RRSH5MQNQDE3RW","5KpocT3GHjFB",1
"2025-11-26 04:02:23",1764129743865,"invoice-automation-two.vercel.app/","GET","",-1,"s6r2f-1764129743654-7be2462aeedd","Mozilla/5.0 (Windows NT 10.0; Win64; x64) AppleWebKit/537.36 (KHTML, like Gecko) Chrome/111.0.0.0 Safari/537.36","info","production","master","","lambda","/app.py","invoice-automation-two.vercel.app","invoice-automation-two.vercel.app","dpl_DnA9yW5AeZSi65LGnGoRmtjo6Af3",-1,"iad1",-1,-1,"127.0.0.1 - - [26/Nov/2025 04:02:23] ""GET / HTTP/1.1"" 302 -","prj_6WEqp459cGSZsQkBcLxcy0EVnF2f","","","01KAZ578Z8YVY669YJA8WDZCWN","",-1
"2025-11-26 04:02:23",1764129743848,"invoice-automation-two.vercel.app/","GET","",302,"s6r2f-1764129743654-7be2462aeedd","Mozilla/5.0 (Windows NT 10.0; Win64; x64) AppleWebKit/537.36 (KHTML, like Gecko) Chrome/111.0.0.0 Safari/537.36","info","production","master","","lambda","/app.py","invoice-automation-two.vercel.app","invoice-automation-two.vercel.app","dpl_DnA9yW5AeZSi65LGnGoRmtjo6Af3",5,"iad1",128,2048,"","prj_6WEqp459cGSZsQkBcLxcy0EVnF2f","","","01KAZ578Z8YVY669YJA8WDZCWN","5KpocT3GHjFB",1
"2025-11-26 04:02:23",1764129743808,"invoice-automation-rcb21sbtt-ryans-projects-d8bd1793.vercel.app/static/style.css","GET","",-1,"26snt-1764129743749-17822fb9f920","Mozilla/5.0 (X11; Linux x86_64) AppleWebKit/537.36 (KHTML, like Gecko) HeadlessChrome/141.0.7390.0 Safari/537.36","info","production","master","","lambda","/app.py","invoice-automation-rcb21sbtt-ryans-projects-d8bd1793.vercel.app","invoice-automation-rcb21sbtt-ryans-projects-d8bd1793.vercel.app","dpl_DnA9yW5AeZSi65LGnGoRmtjo6Af3",-1,"iad1",-1,-1,"127.0.0.1 - - [26/Nov/2025 04:02:23] ""GET /static/style.css HTTP/1.1"" 200 -","prj_6WEqp459cGSZsQkBcLxcy0EVnF2f","","","01KAZ578XAQ0Q5M7PTYMPPSCCN","",-1
"2025-11-26 04:02:23",1764129743794,"invoice-automation-rcb21sbtt-ryans-projects-d8bd1793.vercel.app/static/style.css","GET","",200,"lr8q8-1764129743754-025679679369","Mozilla/5.0 (X11; Linux x86_64) AppleWebKit/537.36 (KHTML, like Gecko) HeadlessChrome/141.0.7390.0 Safari/537.36","info","production","master","","lambda","/app.py","invoice-automation-rcb21sbtt-ryans-projects-d8bd1793.vercel.app","invoice-automation-rcb21sbtt-ryans-projects-d8bd1793.vercel.app","dpl_DnA9yW5AeZSi65LGnGoRmtjo6Af3",2224,"iad1",121,2048,"","prj_6WEqp459cGSZsQkBcLxcy0EVnF2f","","","01KAZ578XJ6BGKD9SB2YDK5PBY","Ck9bz33T5zbk",1
"2025-11-26 04:02:23",1764129743786,"invoice-automation-rcb21sbtt-ryans-projects-d8bd1793.vercel.app/static/style.css","GET","",200,"26snt-1764129743749-17822fb9f920","Mozilla/5.0 (X11; Linux x86_64) AppleWebKit/537.36 (KHTML, like Gecko) HeadlessChrome/141.0.7390.0 Safari/537.36","info","production","master","","lambda","/app.py","invoice-automation-rcb21sbtt-ryans-projects-d8bd1793.vercel.app","invoice-automation-rcb21sbtt-ryans-projects-d8bd1793.vercel.app","dpl_DnA9yW5AeZSi65LGnGoRmtjo6Af3",6,"iad1",127,2048,"","prj_6WEqp459cGSZsQkBcLxcy0EVnF2f","","","01KAZ578XAQ0Q5M7PTYMPPSCCN","5KpocT3GHjFB",1
"2025-11-26 04:02:23",1764129743695,"invoice-automation-rcb21sbtt-ryans-projects-d8bd1793.vercel.app/customers","GET","",-1,"g4ght-1764129743302-b1a065f4d382","Mozilla/5.0 (X11; Linux x86_64) AppleWebKit/537.36 (KHTML, like Gecko) HeadlessChrome/141.0.7390.0 Safari/537.36","info","production","master","","lambda","/app.py","invoice-automation-rcb21sbtt-ryans-projects-d8bd1793.vercel.app","invoice-automation-rcb21sbtt-ryans-projects-d8bd1793.vercel.app","dpl_DnA9yW5AeZSi65LGnGoRmtjo6Af3",-1,"iad1",-1,-1,"127.0.0.1 - - [26/Nov/2025 04:02:23] ""GET /customers HTTP/1.1"" 200 -","prj_6WEqp459cGSZsQkBcLxcy0EVnF2f","","","01KAZ578FB1QM5XMJG0BRWQCF1","",-1
"2025-11-26 04:02:23",1764129743692,"invoice-automation-rcb21sbtt-ryans-projects-d8bd1793.vercel.app/customers","GET","",-1,"26snt-1764129743341-4cf1dda74084","Mozilla/5.0 (X11; Linux x86_64) AppleWebKit/537.36 (KHTML, like Gecko) HeadlessChrome/141.0.7390.0 Safari/537.36","info","production","master","","lambda","/app.py","invoice-automation-rcb21sbtt-ryans-projects-d8bd1793.vercel.app","invoice-automation-rcb21sbtt-ryans-projects-d8bd1793.vercel.app","dpl_DnA9yW5AeZSi65LGnGoRmtjo6Af3",-1,"iad1",-1,-1,"127.0.0.1 - - [26/Nov/2025 04:02:23] ""GET /customers HTTP/1.1"" 200 -","prj_6WEqp459cGSZsQkBcLxcy0EVnF2f","","","01KAZ578FB1QM5XMJG0BRWQCF1","",-1
"2025-11-26 04:02:23",1764129743689,"invoice-automation-rcb21sbtt-ryans-projects-d8bd1793.vercel.app/customers","GET","",-1,"fs25x-1764129743327-c0097167434d","vercel-favicon/1.0","info","production","master","","lambda","/app.py","invoice-automation-rcb21sbtt-ryans-projects-d8bd1793.vercel.app","invoice-automation-rcb21sbtt-ryans-projects-d8bd1793.vercel.app","dpl_DnA9yW5AeZSi65LGnGoRmtjo6Af3",-1,"iad1",-1,-1,"127.0.0.1 - - [26/Nov/2025 04:02:23] ""GET /customers HTTP/1.1"" 200 -","prj_6WEqp459cGSZsQkBcLxcy0EVnF2f","","","01KAZ578FB1QM5XMJG0BRWQCF1","",-1
"2025-11-26 04:02:23",1764129743465,"invoice-automation-rcb21sbtt-ryans-projects-d8bd1793.vercel.app/customers","GET","",200,"fs25x-1764129743327-c0097167434d","vercel-favicon/1.0","info","production","master","","lambda","/app.py","invoice-automation-rcb21sbtt-ryans-projects-d8bd1793.vercel.app","invoice-automation-rcb21sbtt-ryans-projects-d8bd1793.vercel.app","dpl_DnA9yW5AeZSi65LGnGoRmtjo6Af3",222,"iad1",-1,2048,"","prj_6WEqp459cGSZsQkBcLxcy0EVnF2f","","","01KAZ578FB1QM5XMJG0BRWQCF1","5KpocT3GHjFB",3
"2025-11-26 04:02:23",1764129743378,"invoice-automation-rcb21sbtt-ryans-projects-d8bd1793.vercel.app/customers","GET","",200,"26snt-1764129743341-4cf1dda74084","Mozilla/5.0 (X11; Linux x86_64) AppleWebKit/537.36 (KHTML, like Gecko) HeadlessChrome/141.0.7390.0 Safari/537.36","info","production","master","","lambda","/app.py","invoice-automation-rcb21sbtt-ryans-projects-d8bd1793.vercel.app","invoice-automation-rcb21sbtt-ryans-projects-d8bd1793.vercel.app","dpl_DnA9yW5AeZSi65LGnGoRmtjo6Af3",313,"iad1",-1,2048,"","prj_6WEqp459cGSZsQkBcLxcy0EVnF2f","","","01KAZ578FB1QM5XMJG0BRWQCF1","5KpocT3GHjFB",3
"2025-11-26 04:02:23",1764129743349,"invoice-automation-rcb21sbtt-ryans-projects-d8bd1793.vercel.app/","GET","",302,"z52p7-1764129743211-8dc61239be19","vercel-favicon/1.0","info","production","master","","lambda","/app.py","invoice-automation-rcb21sbtt-ryans-projects-d8bd1793.vercel.app","invoice-automation-rcb21sbtt-ryans-projects-d8bd1793.vercel.app","dpl_DnA9yW5AeZSi65LGnGoRmtjo6Af3",2231,"iad1",121,2048,"","prj_6WEqp459cGSZsQkBcLxcy0EVnF2f","","","01KAZ578FNNSSNMFY0PBC63QD4","inV54KC0vTSq",1
"2025-11-26 04:02:23",1764129743339,"invoice-automation-rcb21sbtt-ryans-projects-d8bd1793.vercel.app/customers","GET","",200,"g4ght-1764129743302-b1a065f4d382","Mozilla/5.0 (X11; Linux x86_64) AppleWebKit/537.36 (KHTML, like Gecko) HeadlessChrome/141.0.7390.0 Safari/537.36","info","production","master","","lambda","/app.py","invoice-automation-rcb21sbtt-ryans-projects-d8bd1793.vercel.app","invoice-automation-rcb21sbtt-ryans-projects-d8bd1793.vercel.app","dpl_DnA9yW5AeZSi65LGnGoRmtjo6Af3",342,"iad1",127,2048,"","prj_6WEqp459cGSZsQkBcLxcy0EVnF2f","","","01KAZ578FB1QM5XMJG0BRWQCF1","5KpocT3GHjFB",3
"2025-11-26 04:02:23",1764129743302,"invoice-automation-rcb21sbtt-ryans-projects-d8bd1793.vercel.app/","GET","",-1,"26snt-1764129743249-24b2683ccbd5","Mozilla/5.0 (X11; Linux x86_64) AppleWebKit/537.36 (KHTML, like Gecko) HeadlessChrome/141.0.7390.0 Safari/537.36","info","production","master","","lambda","/app.py","invoice-automation-rcb21sbtt-ryans-projects-d8bd1793.vercel.app","invoice-automation-rcb21sbtt-ryans-projects-d8bd1793.vercel.app","dpl_DnA9yW5AeZSi65LGnGoRmtjo6Af3",-1,"iad1",-1,-1,"127.0.0.1 - - [26/Nov/2025 04:02:23] ""GET / HTTP/1.1"" 302 -","prj_6WEqp459cGSZsQkBcLxcy0EVnF2f","","","01KAZ578DQCZCGTX6BCCEN39FK","",-1
"2025-11-26 04:02:23",1764129743287,"invoice-automation-rcb21sbtt-ryans-projects-d8bd1793.vercel.app/","GET","",302,"26snt-1764129743249-24b2683ccbd5","Mozilla/5.0 (X11; Linux x86_64) AppleWebKit/537.36 (KHTML, like Gecko) HeadlessChrome/141.0.7390.0 Safari/537.36","info","production","master","","lambda","/app.py","invoice-automation-rcb21sbtt-ryans-projects-d8bd1793.vercel.app","invoice-automation-rcb21sbtt-ryans-projects-d8bd1793.vercel.app","dpl_DnA9yW5AeZSi65LGnGoRmtjo6Af3",5,"iad1",121,2048,"","prj_6WEqp459cGSZsQkBcLxcy0EVnF2f","","","01KAZ578DQCZCGTX6BCCEN39FK","5KpocT3GHjFB",1
"2025-11-26 04:02:23",1764129743281,"invoice-automation-rcb21sbtt-ryans-projects-d8bd1793.vercel.app/","GET","",-1,"p2l4k-1764129743154-bf63a9ecfca5","vercel-favicon/1.0","info","production","master","","lambda","/app.py","invoice-automation-rcb21sbtt-ryans-projects-d8bd1793.vercel.app","invoice-automation-rcb21sbtt-ryans-projects-d8bd1793.vercel.app","dpl_DnA9yW5AeZSi65LGnGoRmtjo6Af3",-1,"iad1",-1,-1,"127.0.0.1 - - [26/Nov/2025 04:02:23] ""GET / HTTP/1.1"" 302 -","prj_6WEqp459cGSZsQkBcLxcy0EVnF2f","","","01KAZ578BD3JHJ0MPRJTQA9Q82","",-1
"2025-11-26 04:02:23",1764129743262,"invoice-automation-rcb21sbtt-ryans-projects-d8bd1793.vercel.app/","GET","",-1,"g4ght-1764129743082-454434215905","Mozilla/5.0 (X11; Linux x86_64) AppleWebKit/537.36 (KHTML, like Gecko) HeadlessChrome/141.0.7390.0 Safari/537.36","info","production","master","","lambda","/app.py","invoice-automation-rcb21sbtt-ryans-projects-d8bd1793.vercel.app","invoice-automation-rcb21sbtt-ryans-projects-d8bd1793.vercel.app","dpl_DnA9yW5AeZSi65LGnGoRmtjo6Af3",-1,"iad1",-1,-1,"127.0.0.1 - - [26/Nov/2025 04:02:23] ""GET / HTTP/1.1"" 302 -","prj_6WEqp459cGSZsQkBcLxcy0EVnF2f","","","01KAZ5788Q8CMXY50AV5VGHHKZ","",-1
"2025-11-26 04:02:23",1764129743213,"invoice-automation-rcb21sbtt-ryans-projects-d8bd1793.vercel.app/","GET","",302,"p2l4k-1764129743154-bf63a9ecfca5","vercel-favicon/1.0","info","production","master","","lambda","/app.py","invoice-automation-rcb21sbtt-ryans-projects-d8bd1793.vercel.app","invoice-automation-rcb21sbtt-ryans-projects-d8bd1793.vercel.app","dpl_DnA9yW5AeZSi65LGnGoRmtjo6Af3",6,"iad1",120,2048,"","prj_6WEqp459cGSZsQkBcLxcy0EVnF2f","","","01KAZ578BD3JHJ0MPRJTQA9Q82","5KpocT3GHjFB",1
"2025-11-26 04:02:23",1764129743127,"invoice-automation-rcb21sbtt-ryans-projects-d8bd1793.vercel.app/","GET","",302,"g4ght-1764129743082-454434215905","Mozilla/5.0 (X11; Linux x86_64) AppleWebKit/537.36 (KHTML, like Gecko) HeadlessChrome/141.0.7390.0 Safari/537.36","info","production","master","","lambda","/app.py","invoice-automation-rcb21sbtt-ryans-projects-d8bd1793.vercel.app","invoice-automation-rcb21sbtt-ryans-projects-d8bd1793.vercel.app","dpl_DnA9yW5AeZSi65LGnGoRmtjo6Af3",7,"iad1",120,2048,"","prj_6WEqp459cGSZsQkBcLxcy0EVnF2f","","","01KAZ5788Q8CMXY50AV5VGHHKZ","5KpocT3GHjFB",1
"2025-11-26 04:02:22",1764129742832,"invoice-automation-rcb21sbtt-ryans-projects-d8bd1793.vercel.app/","GET","",302,"dzfc7-1764129742785-5e4c167e8798","Mozilla/5.0 (X11; Linux x86_64) AppleWebKit/537.36 (KHTML, like Gecko) HeadlessChrome/141.0.7390.0 Safari/537.36","info","production","master","","lambda","/app.py","invoice-automation-rcb21sbtt-ryans-projects-d8bd1793.vercel.app","invoice-automation-rcb21sbtt-ryans-projects-d8bd1793.vercel.app","dpl_DnA9yW5AeZSi65LGnGoRmtjo6Af3",1915,"iad1",120,2048,"","prj_6WEqp459cGSZsQkBcLxcy0EVnF2f","","","01KAZ577ZG89BHHSYGD1DBFKSX","rlrAPTQbvlSU",1
"2025-11-26 04:02:22",1764129742810,"invoice-automation-rcb21sbtt-ryans-projects-d8bd1793.vercel.app/","GET","",302,"jmpkq-1764129742666-3106e484afea","vercel-screenshot/1.0","info","production","master","","lambda","/app.py","invoice-automation-rcb21sbtt-ryans-projects-d8bd1793.vercel.app","invoice-automation-rcb21sbtt-ryans-projects-d8bd1793.vercel.app","dpl_DnA9yW5AeZSi65LGnGoRmtjo6Af3",2269,"iad1",120,2048,"","prj_6WEqp459cGSZsQkBcLxcy0EVnF2f","","","01KAZ577YTRS8NECFAPDX2DEPF","g3PHh8AXkQLK",1
"2025-11-26 04:02:22",1764129742691,"invoice-automation-rcb21sbtt-ryans-projects-d8bd1793.vercel.app/","GET","",302,"sxmmm-1764129742520-b27bece7dcdc","vercel-screenshot/1.0","info","production","master","","lambda","/app.py","invoice-automation-rcb21sbtt-ryans-projects-d8bd1793.vercel.app","invoice-automation-rcb21sbtt-ryans-projects-d8bd1793.vercel.app","dpl_DnA9yW5AeZSi65LGnGoRmtjo6Af3",2153,"iad1",121,2048,"","prj_6WEqp459cGSZsQkBcLxcy0EVnF2f","","","01KAZ577V31PSJ5TCBV12TYASV","9haSSRjl1gV3",1
"2025-11-26 04:02:22",1764129742529,"invoice-automation-rcb21sbtt-ryans-projects-d8bd1793.vercel.app/","GET","",302,"r2cgr-1764129742249-a7dd24ecc060","Mozilla/5.0 (X11; Linux x86_64) AppleWebKit/537.36 (KHTML, like Gecko) HeadlessChrome/141.0.7390.0 Safari/537.36","info","production","master","","lambda","/app.py","invoice-automation-rcb21sbtt-ryans-projects-d8bd1793.vercel.app","invoice-automation-rcb21sbtt-ryans-projects-d8bd1793.vercel.app","dpl_DnA9yW5AeZSi65LGnGoRmtjo6Af3",2138,"iad1",121,2048,"","prj_6WEqp459cGSZsQkBcLxcy0EVnF2f","","","01KAZ577P1B7Q5AGJCA2RQXVFG","9jQRVIraRDhM",1
